answer,enwiki,detail
Arsenal,Arsenal F.C.,2025–26 participant
Bayern Munich,FC Bayern Munich,2025–26 participant
Liverpool,Liverpool F.C.,2025–26 participant
Tottenham Hotspur,Tottenham Hotspur F.C.,2025–26 participant
Barcelona,FC Barcelona,2025–26 participant
Chelsea,Chelsea F.C.,2025–26 participant
Sporting CP,Sporting CP,2025–26 participant
Manchester City,Manchester City F.C.,2025–26 participant
Real Madrid,Real Madrid CF,2025–26 participant
Inter Milan,Inter Milan,2025–26 participant
Paris Saint-Germain,Paris Saint-Germain FC,2025–26 participant
Newcastle United,Newcastle United F.C.,2025–26 participant
Juventus,Juventus FC,2025–26 participant
Atlético Madrid,Atlético Madrid,2025–26 participant
Atalanta,Atalanta BC,2025–26 participant
Bayer Leverkusen,Bayer 04 Leverkusen,2025–26 participant
Borussia Dortmund,Borussia Dortmund,2025–26 participant
Olympiacos,Olympiacos F.C.,2025–26 participant
Club Brugge,Club Brugge KV,2025–26 participant
Galatasaray,Galatasaray S.K. (football),2025–26 participant
Monaco,AS Monaco FC,2025–26 participant
Qarabağ,Qarabağ FK,2025–26 participant
Bodø/Glimt,FK Bodø/Glimt,2025–26 participant
Benfica,S.L. Benfica,2025–26 participant
Marseille,Olympique de Marseille,2025–26 participant
Pafos,Pafos FC,2025–26 participant
Union Saint-Gilloise,Royale Union Saint-Gilloise,2025–26 participant
PSV Eindhoven,PSV Eindhoven,2025–26 participant
Athletic Bilbao,Athletic Bilbao,2025–26 participant
Napoli,SSC Napoli,2025–26 participant
Copenhagen,F.C. Copenhagen,2025–26 participant
Ajax,AFC Ajax,2025–26 participant
Eintracht Frankfurt,Eintracht Frankfurt,2025–26 participant
Slavia Prague,SK Slavia Prague,2025–26 participant
Villarreal,Villarreal CF,2025–26 participant
Kairat,FC Kairat,2025–26 participant
