answer,enwiki,detail,qid,views,views_en,n_langs,rarity_z,tier,points
Barcelona,FC Barcelona Femení,in 2022–23; in 2023–24; in 2024–25; in 2025–26; in 2026–27,Q522899,71747,39117,14,-2.87409698184422,common,10
Real Madrid,Real Madrid Femenino,in 2022–23; in 2023–24; in 2024–25; in 2025–26; in 2026–27,Q96791589,30819,15668,14,-2.0872558801953773,common,10
Madrid CFF,Madrid CFF,in 2022–23; in 2023–24; in 2024–25; in 2025–26; in 2026–27,Q16596739,14298,7396,11,-1.3721358343882952,common,10
Atlético de Madrid,Atlético Madrid Femenino,in 2022–23; in 2023–24; in 2024–25; in 2025–26; in 2026–27,Q4816984,7654,3806,12,-0.7903078833370537,common,10
DUX Logroño,Logroño United,in 2025–26; in 2026–27,Q55242431,4520,1577,5,-0.299925955450866,uncommon,25
Real Sociedad,Real Sociedad Femenino,in 2022–23; in 2023–24; in 2024–25; in 2025–26; in 2026–27,Q5549552,4326,2591,11,-0.259085692605104,uncommon,25
UDG Tenerife,UD Tenerife,in 2022–23; in 2023–24; in 2024–25; in 2025–26; in 2026–27,Q64841123,3883,2614,5,-0.15851026348254793,uncommon,25
Levante Las Planas,FC Badalona Women,in 2022–23; in 2023–24; in 2024–25; in 2025–26; in 2026–27,Q5425034,3712,1787,5,-0.11658366315427073,uncommon,25
Levante,Levante UD Femenino,in 2022–23; in 2023–24; in 2024–25; in 2025–26,Q3558590,2582,1175,10,0.22132996394376617,rare,40
Athletic Club,Athletic Bilbao (women),in 2022–23; in 2023–24; in 2024–25; in 2025–26; in 2026–27,Q780121,2467,832,11,0.263738944609283,rare,40
Deportivo Abanca,Deportivo de A Coruña (women),in 2024–25; in 2025–26; in 2026–27,Q64004279,2189,817,5,0.375020723928799,rare,40
Valencia,Valencia CF Femenino,in 2022–23; in 2023–24; in 2024–25; in 2026–27,Q7910660,2107,1069,7,0.4105562252334028,rare,40
Sevilla,Sevilla FC (women),in 2022–23; in 2023–24; in 2024–25; in 2025–26; in 2026–27,Q5647276,1971,883,9,0.47265770888365854,super rare,60
Alavés,Deportivo Alavés Gloriosas,in 2022–23; in 2026–27,Q31188235,1736,971,4,0.5908136303624547,super rare,60
Alhama,Alhama CF,in 2022–23; in 2025–26,Q61862302,1671,742,5,0.6263277699485814,super rare,60
Espanyol,RCD Espanyol Femení,in 2024–25; in 2025–26; in 2026–27,Q592748,1617,446,10,0.6568980325401124,super rare,60
Eibar,SD Eibar (women),in 2023–24; in 2024–25; in 2025–26; in 2026–27,Q6130810,1491,844,5,0.7323916522019224,ultra rare,85
Real Betis,Real Betis Féminas,in 2022–23; in 2023–24; in 2024–25,Q6101745,1474,723,7,0.7430624878508078,ultra rare,85
Granada,Granada CF (women),in 2023–24; in 2024–25; in 2025–26; in 2026–27,Q16840146,1333,606,6,0.8366234819814314,ultra rare,85
Sporting de Huelva,Sporting de Huelva,in 2022–23; in 2023–24,Q7579603,1188,604,6,0.9437734118785593,ultra rare,85
Villarreal,Villarreal CF (women),in 2022–23; in 2023–24,Q106651021,1021,603,6,1.0847081210949472,legendary,100
